title,refs,facts,url
Retarder le budget à long terme de l’UE nuirait aux citoyens et aux entreprises,"[""2019/2833(RSP)""]","[""Appel aux \u00c9tats membres pour qu\u2019ils s\u2019accordent urgemment sur la position de n\u00e9gociation sur le budget \u00e0 long terme de l\u2019UE"", ""Le Parlement est pr\u00eat \u00e0 n\u00e9gocier depuis novembre 2018"", ""Les d\u00e9put\u00e9s exigent un plan d\u2019urgence pour minimiser les cons\u00e9quences pour les citoyens et les entreprises, des retards entrainant une interruption des financements \u00e0 partir de 2021""]",https://www.europarl.europa.eu/news/fr/press-room/20191007IPR63549/retarder-le-budget-a-long-terme-de-l-ue-nuirait-aux-citoyens-et-aux-entreprises
Le Parlement veut une Union européenne de la santé,"[""2020/2691(RSP)""]","[""Acc\u00e8s abordable pour tous aux vaccins et traitements contre le COVID-19"", ""Urgence de proc\u00e9der \u00e0 des tests de r\u00e9sistance pour les syst\u00e8mes de soins de sant\u00e9 dans les \u00c9tats membres"", ""Cr\u00e9er un m\u00e9canisme europ\u00e9en de r\u00e9action en mati\u00e8re sanitaire pour contrer d\u2019\u00e9ventuelles nouvelles pand\u00e9mies""]",https://www.europarl.europa.eu/news/fr/press-room/20200710IPR83101/le-parlement-veut-une-union-europeenne-de-la-sante
Sauver la biodiversité: le Parlement en faveur d’objectifs contraignants,"[""2019/2824(RSP)""]","[""10% minimum du prochain budget \u00e0 long terme de l\u2019UE devrait encourager la biodiversit\u00e9"", ""30% du territoire de l\u2019UE devrait \u00eatre compos\u00e9 de zones naturelles"", ""Des objectifs contraignants de r\u00e9duction des pesticides n\u00e9cessaires dans l\u2019UE""]",https://www.europarl.europa.eu/news/fr/press-room/20200109IPR69908/sauver-la-biodiversite-le-parlement-en-faveur-d-objectifs-contraignants
L'UE doit renforcer sa lutte contre les pratiques fiscales dommageables,"[""2020/2258(INI)""]","[""La l\u00e9gislation doit \u00eatre mise \u00e0 jour pour lutter contre les dispositifs fiscaux innovants"", ""Un seuil d\u2019activit\u00e9 minimum permettrait aux entreprises de payer des taxes dans certains territoires"", ""Une r\u00e9vision compl\u00e8te du Code de conduite de l\u2019UE dans le domaine de la fiscalit\u00e9 des entreprises""]",https://www.europarl.europa.eu/news/fr/press-room/20210930IPR13932/l-ue-doit-renforcer-sa-lutte-contre-les-pratiques-fiscales-dommageables
Lutte de l’UE contre la désinformation et l’ingérence électorale étrangère,"[""2019/2810(RSP)""]","[""L\u00e9gislation n\u00e9cessaire pour pr\u00e9venir les menaces hybrides"", ""998 cas de d\u00e9sinformation attribu\u00e9s \u00e0 la Russie cette ann\u00e9e"", ""Cas d\u2019ing\u00e9rence \u00e9trang\u00e8re via le financement de partis politiques""]",https://www.europarl.europa.eu/news/fr/press-room/20191007IPR63550/lutte-de-l-ue-contre-la-desinformation-et-l-ingerence-electorale-etrangere
2020: maintien du financement au Royaume-Uni en cas de Brexit sans accord,"[""2019/0186(APP)"", ""2019/0187(COD)"", ""2019/0183(COD)""]","[""Projet visant \u00e0 garantir les paiements aux b\u00e9n\u00e9ficiaires britanniques tels que les universit\u00e9s, les communaut\u00e9s locales, les agriculteurs et les \u00e9tudiants Erasmus"", ""Une d\u00e9cision subordonn\u00e9e au versement par le Royaume-Uni de sa part au budget de l\u2019UE""]",https://www.europarl.europa.eu/news/fr/press-room/20191017IPR64566/2020-maintien-du-financement-au-royaume-uni-en-cas-de-brexit-sans-accord
L’UE doit mieux lutter contre l’ingérence étrangère et la désinformation,"[""2020/2268(INI)""]","[""Des pays malveillants et autoritaires, comme la Russie et la Chine, manipulent l\u2019information pour d\u00e9stabiliser la d\u00e9mocratie europ\u00e9enne"", ""La grande majorit\u00e9 des citoyens et des gouvernements europ\u00e9ens ne sont pas conscients de la menace que repr\u00e9sentent certains acteurs \u00e9trangers"", ""Les d\u00e9put\u00e9s ont demand\u00e9 des sanctions contre les ing\u00e9rences \u00e9trang\u00e8res et les campagnes de d\u00e9sinformation"", ""Envisager de r\u00e9voquer les licences des organisations qui diffusent de la propagande d\u2019\u00c9tat \u00e9trang\u00e8re""]",https://www.europarl.europa.eu/news/fr/press-room/20220304IPR24790/l-ue-doit-mieux-lutter-contre-l-ingerence-etrangere-et-la-desinformation
"Création de commissions spéciales, d’enquête et d’une sous-commission permanente","[""2020/2682(RSO"", ""2020/2684(RSO"", ""2020/2683(RSO"", ""2020/2681(RSO"", ""2020/2690(RSO)""]","[""Commissions sp\u00e9ciales sur la lutte contre le cancer, l\u2019intelligence artificielle et l\u2019ing\u00e9rence \u00e9trang\u00e8re, notamment la d\u00e9sinformation"", ""Sous-commission permanente charg\u00e9e d\u2019examiner les questions fiscales, sous la responsabilit\u00e9 de la commission des affaires \u00e9conomiques et mon\u00e9taires"", ""Commission d\u2019enqu\u00eate en charge d\u2019examiner les infractions en mati\u00e8re de transport d\u2019animaux""]",https://www.europarl.europa.eu/news/fr/press-room/20200615IPR81228/creation-de-commissions-speciales-d-enquete-et-d-une-sous-commission-permanente
Soutien aux travailleurs perdant leur emploi en cas de Brexit sans accord,"[""2019/0180(COD)""]","[""Aide urgente afin d\u2019aider les travailleurs et les ind\u00e9pendants dans l\u2019UE-27"", ""Le Fonds europ\u00e9en d\u2019ajustement \u00e0 la mondialisation (FEM) aide les travailleurs \u00e0 mettre \u00e0 jour leurs comp\u00e9tences et \u00e0 trouver un nouvel emploi""]",https://www.europarl.europa.eu/news/fr/press-room/20191017IPR64567/soutien-aux-travailleurs-perdant-leur-emploi-en-cas-de-brexit-sans-accord
Les députés condamnent la violente répression des manifestations en Iran,"[""2019/2993(RSP)""]","[""Au moins 304 personnes ont perdu la vie selon Amnesty International"", ""Les troubles les plus importants en Iran en 40 ans"", ""La fermeture de l\u2019acc\u00e8s internet aux r\u00e9seaux mondiaux est une violation de la libert\u00e9 d'expression"", ""Appel \u00e0 la lib\u00e9ration imm\u00e9diate de la laur\u00e9ate du Prix Sakharov Nasrin Sotoudeh""]",https://www.europarl.europa.eu/news/fr/press-room/20191217IPR69210/les-deputes-condamnent-la-violente-repression-des-manifestations-en-iran
"Le ""droit à la déconnexion"" devrait être un droit fondamental, selon les députés","[""2019/2181(INL)""]","[""La culture de la \""connexion permanente\"" entra\u00eene un risque accru de d\u00e9pression, d\u2019anxi\u00e9t\u00e9 et de burnout"", ""La l\u00e9gislation europ\u00e9enne d\u00e9finit des exigences minimales pour le travail \u00e0 distance"", ""Aucune r\u00e9percussion pour les travailleurs qui exercent leur \""droit \u00e0 la d\u00e9connexion\""""]",https://www.europarl.europa.eu/news/fr/press-room/20210114IPR95618/le-droit-a-la-deconnexion-devrait-etre-un-droit-fondamental-selon-les-deputes
Finance verte: le PE adopte des critères pour les investissements durables,"[""2018/0178(COD)""]","[""De nouvelles r\u00e8gles pour pr\u00e9venir l\u2019\""\u00e9co-blanchiment\"" et encourager les investissements verts"", ""Les r\u00e8gles devraient contribuer \u00e0 atteindre l'objectif d'une Europe neutre en carbone"", ""Mandat \u00e0 la Commission europ\u00e9enne pour d\u00e9finir les activit\u00e9s nuisibles \u00e0 l'environnement""]",https://www.europarl.europa.eu/news/fr/press-room/20200615IPR81229/finance-verte-le-pe-adopte-des-criteres-pour-les-investissements-durables
Un salaire minimum pour réduire les inégalités et la pauvreté des travailleurs,"[""2019/2188(INI)""]","[""Le salaire minimum doit \u00eatre relev\u00e9 au-dessus du seuil de pauvret\u00e9"", ""Le droit du travail et les dispositions en mati\u00e8re de s\u00e9curit\u00e9 sociale doivent \u00e9galement couvrir les travailleurs des plateformes"", ""Les femmes sont plus expos\u00e9es au risque de pauvret\u00e9 que les hommes""]",https://www.europarl.europa.eu/news/fr/press-room/20210204IPR97115/un-salaire-minimum-pour-reduire-les-inegalites-et-la-pauvrete-des-travailleurs
Une agence de l’UE pour l’asile pour soutenir les régimes nationaux d’asile,"[""2016/0131(COD)""]","[""Une agence pour l\u2019asile modernis\u00e9e, aux pouvoirs op\u00e9rationnels et techniques accrus"", ""Un officier aux droits fondamentaux responsable d\u2019un nouveau m\u00e9canisme de plainte"", ""Un vivier d\u2019au moins 500 experts nationaux en mati\u00e8re d\u2019asile pr\u00eats \u00e0 \u00eatre d\u00e9ploy\u00e9s""]",https://www.europarl.europa.eu/news/fr/press-room/20211108IPR16843/une-agence-de-l-ue-pour-l-asile-pour-soutenir-les-regimes-nationaux-d-asile
COVID-19: appel à une réponse plus unifiée de l’UE,"[""2020/2610(RSP)""]","[""687 d\u00e9put\u00e9s ont particip\u00e9 au premier vote de cette pl\u00e9ni\u00e8re extraordinaire sur les mesures d\u2019urgence relatives au COVID-19"", ""Ils ont appel\u00e9 \u00e0 une solidarit\u00e9 renforc\u00e9e entre \u00c9tats membres pour relever ce d\u00e9fi"", ""Les mesures \u00e0 long terme de l\u2019UE doivent att\u00e9nuer l\u2019impact \u00e9conomique et permettre d\u2019investir plus dans la recherche""]",https://www.europarl.europa.eu/news/fr/press-room/20200325IPR75812/covid-19-appel-a-une-reponse-plus-unifiee-de-l-ue
Approbation du budget de l’UE pour 2022: investir plus pour une relance forte,"[""2021/0227(BUD)""]","[""Pr\u00e8s de 480 millions d\u2019euros en plus de la proposition de la Commission pour des priorit\u00e9s cl\u00e9s telles que la sant\u00e9, la jeunesse et l\u2019action climatique"", ""Des fonds suppl\u00e9mentaires pour acc\u00e9l\u00e9rer la vaccination mondiale"", ""Plus important budget annuel jamais adopt\u00e9, avec 169,5 milliards d\u2019euros de budget g\u00e9n\u00e9ral et environ 143,5 milliards d\u2019euros du plan de relance""]",https://www.europarl.europa.eu/news/fr/press-room/20211118IPR17624/approbation-du-budget-de-l-ue-pour-2022-investir-plus-pour-une-relance-forte
"5,4 milliards pour des projets liés au climat et à l'environnement","[""2018/0209(COD)""]","[""LIFE est le programme europ\u00e9en sur le climat et l'environnement le plus ambitieux jamais mis en place"", ""Priorit\u00e9 aux projets le plus susceptibles d\u2019\u00eatre reproduits avec succ\u00e8s"", ""L'am\u00e9lioration de la biodiversit\u00e9 est un objectif cl\u00e9; le financement doit faire l\u2019objet d\u2019un suivi"", ""Le programme contribue \u00e0 la r\u00e9alisation d'une \u00e9conomie \u00e0 faible \u00e9mission de carbone et r\u00e9siliente au changement climatique""]",https://www.europarl.europa.eu/news/fr/press-room/20210422IPR02614/5-4-milliards-pour-des-projets-lies-au-climat-et-a-l-environnement
"Pandora Papers: le PE demande des enquêtes, des sanctions et de nouvelles lois","[""2021/2922(RSP)""]","[""La Commission doit engager des actions en justice \u00e0 l\u2019encontre des \u00c9tats membres qui n\u2019appliquent pas les r\u00e8gles de l\u2019UE"", ""La liste noire des paradis fiscaux de l\u2019Union n\u2019est pas adapt\u00e9e \u00e0 l\u2019objectif poursuivi"", ""Il faut r\u00e9glementer les syst\u00e8mes d\u2019octroi de la citoyennet\u00e9 ou de permis de s\u00e9jour""]",https://www.europarl.europa.eu/news/fr/press-room/20211014IPR14912/pandora-papers-le-pe-demande-des-enquetes-des-sanctions-et-de-nouvelles-lois
Opération militaire en Syrie: appel à des sanctions contre la Turquie,"[""2019/2886(RSP)""]","[""Au moins 300 000 personnes d\u00e9plac\u00e9es suite \u00e0 l\u2019offensive turque"", ""Crainte que Daech se r\u00e9organise"", ""Utilisation inacceptable des r\u00e9fugi\u00e9s par le Pr\u00e9sident turc pour faire chanter l\u2019UE"", ""Appel \u00e0 une zone de s\u00e9curit\u00e9 sous contr\u00f4le de l\u2019ONU au nord de la Syrie""]",https://www.europarl.europa.eu/news/fr/press-room/20191017IPR64569/operation-militaire-en-syrie-appel-a-des-sanctions-contre-la-turquie
L’UE doit intensifier ses efforts pour combattre les pénuries de médicaments,"[""2020/2071(INI)""]","[""Accro\u00eetre la fabrication de produits pharmaceutiques en Europe"", ""Cr\u00e9er une pharmacie europ\u00e9enne d'urgence"", ""40% des m\u00e9dicaments commercialis\u00e9s dans l'UE proviennent de pays tiers""]",https://www.europarl.europa.eu/news/fr/press-room/20200910IPR86823/l-ue-doit-intensifier-ses-efforts-pour-combattre-les-penuries-de-medicaments
"Ukraine: une aide directe de 3,4 milliards euros pour aider les réfugiés ","[""2022/0096(COD)""]","[""Un acc\u00e8s plus rapide aux ressources de REACT-EU pour les gouvernements de l'UE"", ""Les pays de l'UE qui enregistrent le plus grand nombre de r\u00e9fugi\u00e9s ukrainiens recevront sans attendre 45% des fonds pour la relance""]",https://www.europarl.europa.eu/news/fr/press-room/20220401IPR26538/ukraine-une-aide-directe-de-3-4-milliards-euros-pour-aider-les-refugies
Eurojust: le pouvoir de soutenir des enquêtes sur les crimes de guerre,"[""2022/0130(COD)""]","[""L\u2019agence bas\u00e9e \u00e0 La Haye pourra d\u00e9sormais stocker des preuves en toute s\u00e9curit\u00e9 et soutenir des enqu\u00eates"", ""De nouvelles possibilit\u00e9s de coop\u00e9ration avec la Cour p\u00e9nale internationale""]",https://www.europarl.europa.eu/news/fr/press-room/20220517IPR29935/eurojust-le-pouvoir-de-soutenir-des-enquetes-sur-les-crimes-de-guerre
Le Parlement soutient le pacte vert européen mais veut encore plus d’ambition,"[""2019/2956(RSP)""]","[""Les d\u00e9put\u00e9s saluent le fait que le plan vise la neutralit\u00e9 carbone d\u2019ici 2050"", ""Pour y parvenir, il faut accro\u00eetre l\u2019objectif de r\u00e9duction des \u00e9missions d\u2019ici 2030 \u00e0 55%"", ""Le PE est en faveur d\u2019un plan d\u2019investissement durable ambitieux pour parvenir au pacte vert""]",https://www.europarl.europa.eu/news/fr/press-room/20200109IPR69902/le-parlement-soutient-le-pacte-vert-europeen-mais-veut-encore-plus-d-ambition
"Le Parlement approuve un prêt de 1,2 milliard d’euros à l’Ukraine","[""2022/0026(COD)""]","[""Un pr\u00eat de 1,2 milliard d\u2019euros pour couvrir le d\u00e9ficit de financement ext\u00e9rieur caus\u00e9 par la crise aigu\u00eb"", ""La premi\u00e8re tranche vers\u00e9e imm\u00e9diatement, si certaines conditions sont remplies""]",https://www.europarl.europa.eu/news/fr/press-room/20220211IPR23122/le-parlement-approuve-un-pret-de-1-2-milliard-d-euros-a-l-ukraine
Les députés demandent de renforcer la stratégie de l’UE pour vaincre le cancer,"[""2020/2267(INI)""]","[""Des mesures suppl\u00e9mentaires n\u00e9cessaires pour s\u2019attaquer aux facteurs de risque li\u00e9s au mode de vie et au travail"", ""Un meilleur acc\u00e8s aux soins de sant\u00e9 transfrontaliers et aux essais cliniques pour les patients atteints d\u2019un cancer"", ""Une gestion plus efficace des p\u00e9nuries de m\u00e9dicaments contre le cancer""]",https://www.europarl.europa.eu/news/fr/press-room/20220210IPR23006/les-deputes-demandent-de-renforcer-la-strategie-de-l-ue-pour-vaincre-le-cancer
Faillite de Thomas Cook: l’UE devrait aider les licenciés et les entreprises,"[""2019/2854(RSP)""]","[""\u00c0 l\u2019avenir, n\u00e9cessit\u00e9 de mieux prot\u00e9ger les consommateurs et les employ\u00e9s"", ""La Commission devrait \u00e9valuer si de nouvelles mesures sont n\u00e9cessaires pour pr\u00e9venir de futures crises"", ""Une strat\u00e9gie en mati\u00e8re de tourisme est n\u00e9cessaire pour stimuler un secteur qui joue un r\u00f4le moteur pour d\u2019autres pans de l\u2019\u00e9conomie""]",https://www.europarl.europa.eu/news/fr/press-room/20191017IPR64571/faillite-de-thomas-cook-l-ue-devrait-aider-les-licencies-et-les-entreprises
Substances dangereuses au travail: vers des règles européennes plus strictes,"[""2020/0262(COD)""]","[""Pour la premi\u00e8re fois, les substances reprotoxiques sont soumises \u00e0 des niveaux d\u2019exposition maximaux contraignants"", ""Des limites d\u2019exposition pour l\u2019acrylonitrile et les compos\u00e9s du nickel; abaissement des limites pour le benz\u00e8ne"", ""Une meilleure formation des travailleurs du secteur de la sant\u00e9 sur la manipulation des m\u00e9dicaments dangereux""]",https://www.europarl.europa.eu/news/fr/press-room/20220210IPR23021/substances-dangereuses-au-travail-vers-des-regles-europeennes-plus-strictes
Liaison transmanche: des règles pour garantir la sécurité et la coopération,"[""2020/0160(COD)"", ""2020/0161(COD)""]","[""La s\u00e9curit\u00e9 ferroviaire de la Manche doit \u00eatre maintenue par le Royaume-Uni et la France"", ""La France devra n\u00e9gocier des r\u00e8gles communes applicables au tunnel sous la Manche""]",https://www.europarl.europa.eu/news/fr/press-room/20201002IPR88446/liaison-transmanche-des-regles-pour-garantir-la-securite-et-la-cooperation
Produits dangereux: le Parlement souhaite mieux protéger les consommateurs,"[""2019/2190(INI)""]","[""Les r\u00e8gles de s\u00e9curit\u00e9 relatives aux produits de l\u2019UE et les droits des consommateurs doivent \u00eatre respect\u00e9s"", ""Le tra\u00e7age et le rappel des produits dangereux doivent \u00eatre am\u00e9lior\u00e9s"", ""Les plateformes et les places de march\u00e9 en ligne doivent \u00eatre plus responsables pour garantir que les produits soient s\u00fbrs"", ""La s\u00e9curit\u00e9 est essentielle pour les produits int\u00e9grant de l\u2019intelligence artificielle""]",https://www.europarl.europa.eu/news/fr/press-room/20201120IPR92127/produits-dangereux-le-parlement-souhaite-mieux-proteger-les-consommateurs
Renforcer le mandat de l’Agence européenne des médicaments,"[""2020/0321(COD)""]","[""Mieux \u00e9quiper l\u2019UE pour g\u00e9rer les futures crises sanitaires"", ""Une nouvelle base de donn\u00e9es europ\u00e9enne pour surveiller et avertir en cas de p\u00e9nurie de m\u00e9dicaments"", ""Coordination et transparence accrues pour les essais cliniques""]",https://www.europarl.europa.eu/news/fr/press-room/20210701IPR07513/renforcer-le-mandat-de-l-agence-europeenne-des-medicaments
Brexit: les députés inquiets pour les droits des citoyens,"[""2020/2505(RSP)""]","[""Craintes concernant le dispositif d\u2019obtention du statut de r\u00e9sident permanent destin\u00e9 aux citoyens europ\u00e9ens qui vivent au Royaume-Uni et la mise en place de l\u2019autorit\u00e9 ind\u00e9pendante"", ""Libre circulation, dur\u00e9e de la p\u00e9riode de transition et limitation des atteintes \u00e0 la vie des citoyens au c\u0153ur du d\u00e9bat""]",https://www.europarl.europa.eu/news/fr/press-room/20200109IPR69901/brexit-les-deputes-inquiets-pour-les-droits-des-citoyens
Brexit: l’accord de retrait approuvé par le Parlement européen,"[""2018/0427(NLE)""]","[""L\u2019accord de retrait a pass\u00e9 l\u2019avant-derni\u00e8re \u00e9tape avant son entr\u00e9e en vigueur"", ""Un vote \u00e0 la majorit\u00e9 qualifi\u00e9e au Conseil n\u00e9cessaire pour clore la proc\u00e9dure"", ""Le Brexit devrait avoir lieu le 31 janvier 2020""]",https://www.europarl.europa.eu/news/fr/press-room/20200128IPR71204/brexit-l-accord-de-retrait-approuve-par-le-parlement-europeen
Une législation nécessaire pour mettre fin à la déforestation mondiale,"[""2020/2006(INL)""]","[""La consommation de l'UE repr\u00e9sente environ 10% de la d\u00e9forestation mondiale"", ""Les initiatives volontaires n'ont pas r\u00e9ussi \u00e0 stopper la d\u00e9forestation"", ""Il convient de mettre en place des obligations de tra\u00e7abilit\u00e9 pour les op\u00e9rateurs sur le march\u00e9 de l'UE"", ""Depuis 1990, des for\u00eats repr\u00e9sentant une superficie sup\u00e9rieure \u00e0 celle de l'Afrique du Sud ont disparu""]",https://www.europarl.europa.eu/news/fr/press-room/20201016IPR89560/une-legislation-necessaire-pour-mettre-fin-a-la-deforestation-mondiale
Les députés adoptent les règles de devoir de vigilance des entreprises,[null],"[""Les r\u00e8gles concernent les entreprises de l\u2019UE et de pays tiers ainsi que les soci\u00e9t\u00e9s-m\u00e8res r\u00e9alisant un chiffre d\u2019affaires sup\u00e9rieur \u00e0 450 millions d\u2019euros"", ""Les entreprises doivent \u00e9laborer un plan de transition conforme \u00e0 l\u2019Accord de Paris"", ""Elles seront responsables des dommages et pourront \u00eatre condamn\u00e9es \u00e0 des amendes en cas de non-respect des r\u00e8gles""]",https://www.europarl.europa.eu/news/fr/press-room/20240419IPR20585/les-deputes-adoptent-les-regles-de-devoir-de-vigilance-des-entreprises
Le Parlement adopte les cartes d’invalidité et de stationnement européennes,"[""2023/0311(COD)"", ""2023/0393(COD)""]","[""\u00c9galit\u00e9 d\u2019acc\u00e8s aux conditions pr\u00e9f\u00e9rentielles pour les personnes handicap\u00e9es, comme l\u2019acc\u00e8s prioritaire et le stationnement r\u00e9serv\u00e9"", ""La carte europ\u00e9enne d\u2019invalidit\u00e9 sera d\u00e9livr\u00e9e et renouvel\u00e9e gratuitement"", ""Les personnes qui s\u2019installent temporairement dans un autre pays europ\u00e9en pour \u00e9tudier pourront \u00e9galement b\u00e9n\u00e9ficier des nouvelles mesures""]",https://www.europarl.europa.eu/news/fr/press-room/20240419IPR20572/le-parlement-adopte-les-cartes-d-invalidite-et-de-stationnement-europeennes
Non au greenwashing et aux informations trompeuses sur les produits,"[""2022/0092(COD)""]","[""Les mentions environnementales g\u00e9n\u00e9riques et autres arguments commerciaux trompeurs seront interdits"", ""Seules les mentions de durabilit\u00e9 bas\u00e9es sur une certification approuv\u00e9e ou \u00e9tablies par les autorit\u00e9s publiques seront autoris\u00e9es"", ""Les informations de garantie devront \u00eatre plus visibles et un nouveau label d\u2019extension de garantie sera introduit""]",https://www.europarl.europa.eu/news/fr/press-room/20240112IPR16772/non-au-greenwashing-et-aux-informations-trompeuses-sur-les-produits
Feu vert pour la facilité pour la reprise et la résilience,"[""2020/0104(COD)""]","[""Le pilier principal du plan de relance Next Generation EU"", ""672,5 milliards d\u2019euros sous forme de pr\u00eats et de subventions pour att\u00e9nuer les effets de la pand\u00e9mie"", ""Les fonds iront aux domaines d\u2019action cl\u00e9s tels que la transition \u00e9cologique, la transformation num\u00e9rique, la pr\u00e9paration aux crises, les enfants et les jeunes"", ""Le respect de l\u2019\u00c9tat de droit et des valeurs fondamentales de l\u2019UE est une condition pr\u00e9alable \u00e0 l\u2019obtention d\u2019un financement""]",https://www.europarl.europa.eu/news/fr/press-room/20210204IPR97105/feu-vert-pour-la-facilite-pour-la-reprise-et-la-resilience
État de droit: la Commission doit agir sans plus attendre,"[""2022/2535(RSP)""]","[""Il est \""grand temps\"" pour la Commission de prot\u00e9ger le budget de l'UE des violations faites \u00e0 l'\u00c9tat de droit"", ""La r\u00e9glementation europ\u00e9enne devrait \u00eatre mise en \u0153uvre sans tenir compte des agendas \u00e9lectoraux des \u00c9tats membres"", ""Le m\u00e9canisme de conditionnalit\u00e9 li\u00e9e \u00e0 l'\u00c9tat de droit devrait \u00e9galement couvrir les fonds du plan de relance NextGenerationEU""]",https://www.europarl.europa.eu/news/fr/press-room/20220304IPR24802/etat-de-droit-la-commission-doit-agir-sans-plus-attendre
Réduire l’utilisation des pesticides pour sauver les abeilles,"[""2019/2803(RSP)""]","[""L\u2019initiative europ\u00e9enne pour les pollinisateurs visant \u00e0 sauver les abeilles, les papillons et d\u2019autres insectes n\u2019est pas suffisante"", ""Un programme et des mesures plus cibl\u00e9s sont n\u00e9cessaires pour prot\u00e9ger les pollinisateurs"", ""Appel \u00e0 des objectifs de r\u00e9duction contraignants quant \u00e0 l\u2019utilisation des pesticides""]",https://www.europarl.europa.eu/news/fr/press-room/20191212IPR68921/reduire-l-utilisation-des-pesticides-pour-sauver-les-abeilles
Les citoyens au cœur de la Conférence sur l’avenir de l’Europe,"[""2019/2990(RSP)""]","[""Des agoras th\u00e9matiques pour impliquer les citoyens de tous horizons et de toute l\u2019Europe"", ""Lancer une r\u00e9forme de l\u2019UE via une approche ascendante, transparente, inclusive, participative et \u00e9quilibr\u00e9e"", ""Permettre une modification du trait\u00e9 et mettre en place un m\u00e9canisme permanent de participation citoyenne""]",https://www.europarl.europa.eu/news/fr/press-room/20200109IPR69906/les-citoyens-au-coeur-de-la-conference-sur-l-avenir-de-l-europe
Le PE souhaite que l’industrie maritime contribue à la neutralité climatique,"[""2019/0017(COD)""]","[""Le Parlement en faveur d\u2019une r\u00e9duction de CO2 de 40% d\u2019ici 2030"", ""Le transport maritime doit \u00eatre inclus dans le syst\u00e8me d\u2019\u00e9change de quotas d\u2019\u00e9mission de l\u2019UE (SEQE-UE)"", ""Un \u2018\u2018Fonds pour les oc\u00e9ans\u2019\u2019 pour contribuer \u00e0 la protection des \u00e9cosyst\u00e8mes marins""]",https://www.europarl.europa.eu/news/fr/press-room/20200910IPR86825/le-pe-souhaite-que-l-industrie-maritime-contribue-a-la-neutralite-climatique
COVID-19: des règles plus souples pour encourager les prêts bancaires,"[""2020/0066(COD)""]","[""Assouplissement temporaire et cibl\u00e9 des r\u00e8gles prudentielles pour les banques europ\u00e9ennes"", ""Les banques et superviseurs sur un pied d\u2019\u00e9galit\u00e9 et le syst\u00e8me bancaire reste stable"", ""Att\u00e9nuer les cons\u00e9quences \u00e9conomiques profondes de la pand\u00e9mie""]",https://www.europarl.europa.eu/news/fr/press-room/20200615IPR81234/covid-19-des-regles-plus-souples-pour-encourager-les-prets-bancaires
Énergie: aligner les projets prioritaires sur les objectifs climatiques 2050,"[""2020/2549(RSP)""]","[""La l\u00e9gislation sur les r\u00e9seaux transeurop\u00e9ens d\u2019\u00e9nergie doit \u00eatre r\u00e9vis\u00e9e cette ann\u00e9e"", ""Les d\u00e9put\u00e9s donnent un premier avis sur la future proposition"", ""Le vote fait suite \u00e0 un d\u00e9bat en pl\u00e9ni\u00e8re sur la 4e liste de projets d\u2019int\u00e9r\u00eat commun (PIC)""]",https://www.europarl.europa.eu/news/fr/press-room/20200706IPR82725/energie-aligner-les-projets-prioritaires-sur-les-objectifs-climatiques-2050
Renforcer les aides aux agriculteurs via le Fonds pour le développement rural,"[""2020/0075(COD)""]","[""Jusqu\u2019\u00e0 7 000 euros par agriculteur, et 50 000 par PME du secteur agroalimentaire"", ""Montant forfaitaire payable d\u2019ici au 30 juin 2020; les demandes doivent \u00eatre approuv\u00e9es au plus tard le 31 d\u00e9cembre 2020"", ""Le plafond de l\u2019aide relev\u00e9 \u00e0 2% des enveloppes des programmes pour le d\u00e9veloppement rural""]",https://www.europarl.europa.eu/news/fr/press-room/20200615IPR81231/renforcer-les-aides-aux-agriculteurs-via-le-fonds-pour-le-developpement-rural
De nombreux défis restent à relever pour parvenir à l’égalité des genres,"[""2021/2509(RSP)""]","[""La pand\u00e9mie de COVID-19 exacerbe les in\u00e9galit\u00e9s existantes entre les femmes et les hommes"", ""Il faut lutter de fa\u00e7on urgente contre la hausse des violences domestiques"", ""Un acc\u00e8s universel aux services li\u00e9s \u00e0 la sant\u00e9 et aux droits sexuels et g\u00e9n\u00e9siques doit \u00eatre garanti""]",https://www.europarl.europa.eu/news/fr/press-room/20210204IPR97121/de-nombreux-defis-restent-a-relever-pour-parvenir-a-l-egalite-des-genres
Le Parlement permettra un développement accéléré des vaccins contre le COVID-19,"[""2020/0128(COD)""]","[""L'acc\u00e9l\u00e9ration de la mise au point de vaccins est essentielle pour enrayer la pand\u00e9mie"", ""Il faut plus de flexibilit\u00e9 pour les chercheurs afin d'acc\u00e9l\u00e9rer les essais cliniques"", ""La s\u00e9curit\u00e9 des futurs vaccins contre le COVID-19 ne doit pas \u00eatre compromise""]",https://www.europarl.europa.eu/news/fr/press-room/20200706IPR82731/le-parlement-permettra-un-developpement-accelere-des-vaccins-contre-le-covid-19
"Une politique agricole européenne plus verte, plus juste et plus solide ","[""2018/0216(COD)"", ""2018/0218(COD)"", ""2018/0217(COD)""]","[""Davantage de soutien pour ceux qui ont recours \u00e0 des pratiques respectueuses du climat et de l\u2019environnement"", ""Plafonnement des paiements directs annuels \u00e0 100 000 euros, un soutien accru aux PME"", ""Des mesures personnalis\u00e9es pour aider les agriculteurs \u00e0 faire face aux crises"", ""Des sanctions plus s\u00e9v\u00e8res en cas d\u2019infractions r\u00e9p\u00e9t\u00e9es, par exemple en mati\u00e8re d\u2019environnement ou de bien-\u00eatre animal""]",https://www.europarl.europa.eu/news/fr/press-room/20201016IPR89542/une-politique-agricole-europeenne-plus-verte-plus-juste-et-plus-solide
Le Parlement alerte contre les tentatives de réduire les médias au silence,"[""2020/2009(INI)""]","[""La libert\u00e9 des m\u00e9dias en Europe a recul\u00e9"", ""Les d\u00e9put\u00e9s condamnent le harc\u00e8lement et les attaques \u00e0 l\u2019encontre des journalistes, en particulier de la part des responsables politiques"", ""La Commission doit r\u00e9guli\u00e8rement \u00e9valuer l'ing\u00e9rence des gouvernements et la transparence des structures de propri\u00e9t\u00e9"", ""Les fonds de l\u2019UE ne peuvent \u00eatre accord\u00e9s aux m\u00e9dias contr\u00f4l\u00e9s par l\u2019\u00c9tat ou diffusant de la propagande politique""]",https://www.europarl.europa.eu/news/fr/press-room/20201120IPR92117/le-parlement-alerte-contre-les-tentatives-de-reduire-les-medias-au-silence
Le PE met en garde contre la détérioration des droits fondamentaux dans l'UE,"[""2019/2199(INI)""]","[""Les groupes vuln\u00e9rables, la libert\u00e9 d'expression, le pluralisme des m\u00e9dias et la libert\u00e9 de r\u00e9union sont menac\u00e9s"", ""\""Recul organis\u00e9\"" de l'\u00e9galit\u00e9 des sexes et des droits des femmes"", ""Les discours de haine et les diff\u00e9rentes formes de racisme se normalisent"", ""N\u00e9cessit\u00e9 cruciale d'un m\u00e9canisme europ\u00e9en sur la d\u00e9mocratie, l'\u00c9tat de droit et les droits fondamentaux""]",https://www.europarl.europa.eu/news/fr/press-room/20201120IPR92131/le-pe-met-en-garde-contre-la-deterioration-des-droits-fondamentaux-dans-l-ue
Protection des valeurs de l'UE: instauration d'un mécanisme contraignant,"[""2020/2072(INL)""]","[""Une r\u00e9solution qui prot\u00e8ge la d\u00e9mocratie, l\u2019\u00c9tat de droit et les droits fondamentaux dans tous les \u00c9tats membres"", ""L\u2019UE est \""structurellement mal \u00e9quip\u00e9e\"" pour lutter contre le recul de ses valeurs fondatrices"", ""La proposition du Parlement pr\u00e9voit des mesures pr\u00e9ventives et correctives""]",https://www.europarl.europa.eu/news/fr/press-room/20201002IPR88432/protection-des-valeurs-de-l-ue-instauration-d-un-mecanisme-contraignant
Les députés exigent des déplacements sûrs et propres,"[""2020/2038(INI)""]","[""La pand\u00e9mie fait payer un lourd tribut au tourisme europ\u00e9en"", ""Un tourisme s\u00fbr, propre et durable est n\u00e9cessaire"", ""L\u2019Europe doit s\u2019efforcer de rester une destination de premier plan""]",https://www.europarl.europa.eu/news/fr/press-room/20210322IPR00524/les-deputes-exigent-des-deplacements-surs-et-propres
Nouvelles règles pour un retrait rapide des contenus terroristes en ligne,"[""2018/0331(COD)""]","[""Les plateformes disposeront d'un d\u00e9lai maximal d\u2019une heure pour retirer les contenus signal\u00e9s"", ""Protection des travaux d'\u00e9ducation, de recherche, d'art et de journalisme"", ""Pas d\u2019obligation g\u00e9n\u00e9rale de surveiller ou de filtrer le contenu""]",https://www.europarl.europa.eu/news/fr/press-room/20210422IPR02621/nouvelles-regles-pour-un-retrait-rapide-des-contenus-terroristes-en-ligne
Le Parlement européen renforce les droits des voyageurs ferroviaires,"[""2017/0237(COD)""]","[""Davantage de possibilit\u00e9s de r\u00e9acheminement en cas de retard ou d\u2019annulation"", ""Une meilleure assistance pour les personnes \u00e0 mobilit\u00e9 r\u00e9duite"", ""Plus d\u2019espace pour les v\u00e9los dans les trains""]",https://www.europarl.europa.eu/news/fr/press-room/20210422IPR02605/le-parlement-europeen-renforce-les-droits-des-voyageurs-ferroviaires
Le Parlement appelle à des mesures drastiques pour réduire les déchets marins,"[""2019/2160(INI)""]","[""Augmenter la collecte, le recyclage et la revalorisation dans les secteurs de la p\u00eache et de l\u2019aquaculture"", ""Le polystyr\u00e8ne expans\u00e9 utilis\u00e9 dans les produits de la p\u00eache devrait \u00eatre progressivement \u00e9limin\u00e9"", ""Un plan d\u2019action de l\u2019UE est n\u00e9cessaire pour nettoyer les rivi\u00e8res et les estuaires pollu\u00e9s""]",https://www.europarl.europa.eu/news/fr/press-room/20210322IPR00525/le-parlement-appelle-a-des-mesures-drastiques-pour-reduire-les-dechets-marins
Pologne: le Conseil doit ‘‘enfin agir’’ pour protéger l’État de droit,"[""2017/0360R(NLE)""]","[""D\u00e9t\u00e9rioration continue de l\u2019ind\u00e9pendance de la justice et de l\u2019\u00c9tat de droit"", ""Le Conseil doit reprendre la proc\u00e9dure li\u00e9e \u00e0 l\u2019article 7 \u00e0 l\u2019encontre de la Pologne"", ""Appel \u00e0 une interpr\u00e9tation plus large qui devrait inclure tous les principes fondamentaux de l\u2019UE""]",https://www.europarl.europa.eu/news/fr/press-room/20200910IPR86860/pologne-le-conseil-doit-enfin-agir-pour-proteger-l-etat-de-droit
Les députés refusent les passeports émis par la Russie dans les zones occupées,"[""2022/0274(COD)""]","[""La Russie a d\u00e9livr\u00e9 des documents de voyage dans des r\u00e9gions ill\u00e9galement occup\u00e9es en Ukraine et en G\u00e9orgie"", ""Une approche coordonn\u00e9e et coh\u00e9rente de l'UE est n\u00e9cessaire pour traiter ces documents"", ""Les personnes fuyant la guerre en Ukraine ont le droit de demander l'asile""]",https://www.europarl.europa.eu/news/fr/press-room/20221118IPR55715/les-deputes-refusent-les-passeports-emis-par-la-russie-dans-les-zones-occupees
Pologne: les attaques contre les médias doivent cesser,"[""2021/2880(RSP)""]","[""\u2018\u2018Lex TVN\u2019\u2019 est une attaque directe contre le pluralisme des m\u00e9dias"", ""Inqui\u00e9tude concernant l\u2019achat du groupe de presse Polska par une compagnie p\u00e9troli\u00e8re d\u2019\u00c9tat"", ""Les contestations juridiques visant \u00e0 saper la primaut\u00e9 du droit de l\u2019UE doivent cesser"", ""La Commission doit pr\u00e9venir toute nouvelle d\u00e9t\u00e9rioration""]",https://www.europarl.europa.eu/news/fr/press-room/20210910IPR11928/pologne-les-attaques-contre-les-medias-doivent-cesser
Législation sur les services numériques: garantir des espaces en ligne plus sûrs,"[""2020/0361(COD)""]","[""Les d\u00e9put\u00e9s donnent leur feu vert \u00e0 l\u2019ouverture des n\u00e9gociations avec les \u00c9tats membres"", ""Des mesures qui comprennent des proc\u00e9dures clairement d\u00e9finies pour supprimer les produits, services et contenus illicites en ligne"", ""Plus d'options pour les publicit\u00e9s sans suivi et interdiction d'utiliser les donn\u00e9es des mineurs pour les publicit\u00e9s cibl\u00e9es"", ""Les utilisateurs de services auraient le droit de demander une indemnisation pour les dommages subis"", ""Une \u00e9valuation des risques obligatoire et une transparence renforc\u00e9e des algorithmes pour lutter contre les contenus pr\u00e9judiciables et la d\u00e9sinformation""]",https://www.europarl.europa.eu/news/fr/press-room/20220114IPR21017/legislation-sur-les-services-numeriques-garantir-des-espaces-en-ligne-plus-surs
Pour un rétablissement rapide et total de la libre circulation transfrontalière,"[""2020/2640(RSP)""]","[""Les fronti\u00e8res doivent rouvrir de fa\u00e7on coordonn\u00e9e en respectant le principe de non-discrimination"", ""Urgence d\u2019un plan de relance pour Schengen"", ""N\u00e9cessit\u00e9 de r\u00e9viser les r\u00e8gles de Schengen pour garantir une v\u00e9ritable gouvernance europ\u00e9enne""]",https://www.europarl.europa.eu/news/fr/press-room/20200615IPR81222/pour-un-retablissement-rapide-et-total-de-la-libre-circulation-transfrontaliere
"Adoption du budget de l’UE 2023 : focus sur l’Ukraine, l’énergie et la relance","[""2022/0212(BUD)""]","[""Le budget de l\u2019UE pour l\u2019an prochain promulgu\u00e9 par la Pr\u00e9sidente Metsola"", ""Plus d\u2019un milliard suppl\u00e9mentaire par rapport \u00e0 la proposition initiale de la Commission pour des domaines prioritaires comme l\u2019aide humanitaire, Erasmus + et les infrastructures"", ""Le budget total pour 2023 s\u2019\u00e9l\u00e8ve \u00e0 186,6 milliards d'euros en engagements, les paiements sont fix\u00e9s \u00e0 168,7 milliards d'euros.""]",https://www.europarl.europa.eu/news/fr/press-room/20221118IPR55709/adoption-du-budget-de-l-ue-2023-focus-sur-l-ukraine-l-energie-et-la-relance
Guerre en Ukraine: les députés débloquent des aides d'urgence pour les réfugiés,"[""2022/0075(COD)"", ""2022/0077(COD)""]","[""Plus de 10 milliards d'euros pour venir en aide aux r\u00e9fugi\u00e9s"", ""L'UE couvrira l\u2019ensemble des d\u00e9penses en mati\u00e8re de coh\u00e9sion pour 2021 et 2022"", ""Jusqu\u2019\u00e0 420 millions d'euros non d\u00e9pens\u00e9s au titre des Fonds \""Affaires int\u00e9rieures\"" seront mis \u00e0 disposition""]",https://www.europarl.europa.eu/news/fr/press-room/20220321IPR25919/guerre-en-ukraine-les-deputes-debloquent-des-aides-d-urgence-pour-les-refugies
Le PE réforme le déploiement des infrastructures énergétiques transeuropéennes,"[""2020/0360(COD)""]","[""La politique en mati\u00e8re d'infrastructures \u00e9nerg\u00e9tiques doit contribuer \u00e0 la r\u00e9alisation des objectifs de neutralit\u00e9 climatique"", ""Les fonds doivent soutenir l'hydrog\u00e8ne et le captage du carbone"", ""Les projets doivent \u00e9galement renforcer la s\u00e9curit\u00e9 d'approvisionnement""]",https://www.europarl.europa.eu/news/fr/press-room/20220401IPR26530/le-pe-reforme-le-deploiement-des-infrastructures-energetiques-transeuropeennes
Le Parlement approuve le budget à long terme de l’UE pour 2021-2027,"[""2018/0166(APP)"", ""2018/2070(ACI)""]","[""Le vote scelle l'accord avec le Conseil europ\u00e9en"", ""Les d\u00e9put\u00e9s ont n\u00e9goci\u00e9 des compl\u00e9ments importants pour les programmes phares de l'UE tels que la sant\u00e9, la recherche (Horizon) ou encore Erasmus+, au b\u00e9n\u00e9fice des citoyens de l\u2019UE"", ""Conclusion d\u2019une feuille de route juridiquement contraignante introduisant de nouvelles sources de revenus dans l'UE"", ""Renforcement du r\u00f4le du Parlement dans le contr\u00f4le du financement de la relance"", ""Des dispositions plus strictes pour la biodiversit\u00e9 et l'\u00e9galit\u00e9 des genres""]",https://www.europarl.europa.eu/news/fr/press-room/20201211IPR93621/le-parlement-approuve-le-budget-a-long-terme-de-l-ue-pour-2021-2027
Le Parlement souhaite accorder aux consommateurs un “droit à la réparation” ,"[""2020/2021(INI)""]","[""Encourager les consommateurs \u00e0 faire des choix plus durables et promouvoir une culture de la r\u00e9utilisation"", ""Am\u00e9liorer la r\u00e9parabilit\u00e9 des produits et prolonger leur dur\u00e9e de vie"", ""Un syst\u00e8me de chargeur universel afin de r\u00e9duire les d\u00e9chets \u00e9lectroniques"", ""Un changement de m\u00e9thode n\u00e9cessaire, de la production \u00e0 la publicit\u00e9 en passant par les march\u00e9s publics et la gestion des d\u00e9chets""]",https://www.europarl.europa.eu/news/fr/press-room/20201120IPR92118/le-parlement-souhaite-accorder-aux-consommateurs-un-droit-a-la-reparation
Plateformes de financement participatif: vote final sur les règles européennes,"[""2018/0048(COD)"", ""2018/0047(COD)""]","[""Un ensemble unique de r\u00e8gles s'appliquera aux services de financement participatif dans l'UE, jusqu\u2019\u00e0 5 millions d\u2019euros"", ""Des r\u00e8gles strictes pour prot\u00e9ger les investisseurs des pertes financi\u00e8res"", ""Les \u00c9tats membres responsables de l'agr\u00e9ment et de la supervision des organismes de financement participatif""]",https://www.europarl.europa.eu/news/fr/press-room/20201002IPR88439/plateformes-de-financement-participatif-vote-final-sur-les-regles-europeennes
Négociations UE-Royaume-Uni: soutien des députés à la position de l’UE,"[""2020/2023(INI)""]","[""Les d\u00e9put\u00e9s soutiennent r\u00e9solument le n\u00e9gociateur de l\u2019UE, Michel Barnier"", ""L\u2019UE dit non \u00e0 l\u2019approche \""\u00e0 la carte\"" du Royaume-Uni"", ""Sans accord sur des conditions de concurrence \u00e9quitables et sur le secteur de la p\u00eache, pas d\u2019approbation du Parlement""]",https://www.europarl.europa.eu/news/fr/press-room/20200615IPR81221/negociations-ue-royaume-uni-soutien-des-deputes-a-la-position-de-l-ue
Budget à long terme de l'UE: un filet de sécurité pour les bénéficiaires,"[""2020/2051(INL)""]","[""Risque de rupture de paiements si pas d\u2019accord \u00e0 temps sur le budget \u00e0 long terme de l'UE pour l'apr\u00e8s-2020"", ""Les d\u00e9put\u00e9s demandent \u00e0 la Commission de pr\u00e9senter un plan d'urgence pour garantir la continuit\u00e9 des financements europ\u00e9ens suite \u00e0 la crise du COVID-19""]",https://www.europarl.europa.eu/news/fr/press-room/20200512IPR78918/budget-a-long-terme-de-l-ue-un-filet-de-securite-pour-les-beneficiaires
Les députés lèvent un nouvel obstacle au plan de relance post‑COVID-19,"[""2018/0131(NLE)"", ""2018/0132(APP)"", ""2018/0133(NLE)""]","[""Le Parlement acc\u00e9l\u00e8re la r\u00e9forme des recettes de l\u2019UE et permet ainsi l'utilisation du fonds de relance \""Next Generation EU\"", d\u2019un montant de 750 milliards d\u2019euros"", ""De nouvelles sources de recettes, comme la taxe sur les plastiques, fourniront de nouveaux financements au budget de l\u2019UE et contribueront au remboursement de la dette cr\u00e9\u00e9e par le fonds de relance"", ""Les \u00c9tats membres doivent ratifier d\u00e8s que possible cette d\u00e9cision cl\u00e9 relative aux ressources propres""]",https://www.europarl.europa.eu/news/fr/press-room/20210322IPR00517/les-deputes-levent-un-nouvel-obstacle-au-plan-de-relance-post-covid-19
"Les députés approuvent le nouveau programme Erasmus+, qui sera plus inclusif","[""2018/0191(COD)""]","[""Le financement a presque doubl\u00e9 par rapport \u00e0 l\u2019\u00e9dition pr\u00e9c\u00e9dente"", ""Erasmus+ est d\u00e9sormais ouvert aux adultes qui suivent une formation"", ""Le programme sera plus inclusif, plus \u00e9cologique et plus convivial""]",https://www.europarl.europa.eu/news/fr/press-room/20210517IPR04109/les-deputes-approuvent-le-nouveau-programme-erasmus-qui-sera-plus-inclusif
Pacte vert: des mesures pour renforcer la lutte contre la déforestation mondiale,"[""2019/2156(INI)""]","[""Des objectifs contraignants pour prot\u00e9ger les for\u00eats, en particulier les for\u00eats primaires"", ""Mise en \u0153uvre ferme des instruments existants"", ""Les futurs accords de commerce et d\u2019investissement devraient comprendre des dispositions contraignantes contre la d\u00e9forestation""]",https://www.europarl.europa.eu/news/fr/press-room/20200910IPR86827/pacte-vert-des-mesures-pour-renforcer-la-lutte-contre-la-deforestation-mondiale
Pollution de l’air: le PE adopte une loi pour améliorer la qualité de l’air,"[""2022/0347(COD)""]","[""Des limites plus strictes \u00e0 l\u2019horizon 2030 pour plusieurs polluants atmosph\u00e9riques"", ""Les indices de qualit\u00e9 de l\u2019air doivent \u00eatre comparables dans tous les \u00c9tats membres"", ""D\u00e9fendre l\u2019acc\u00e8s \u00e0 la justice pour les citoyens et le droit \u00e0 \u00eatre indemnis\u00e9s"", ""La pollution atmosph\u00e9rique entra\u00eene environ 300 000 d\u00e9c\u00e8s pr\u00e9matur\u00e9s par an dans l\u2019UE""]",https://www.europarl.europa.eu/news/fr/press-room/20240419IPR20587/pollution-de-l-air-le-pe-adopte-une-loi-pour-ameliorer-la-qualite-de-l-air
Le PE actualise les lignes directrices du réseau transeuropéen de transport,"[""2021/0420(COD)""]","[""Les principales liaisons de transport seront achev\u00e9es d\u2019ici 2030"", ""Couper les liens avec la Russie en mati\u00e8re d\u2019infrastructures de transport et se concentrer sur l\u2019Ukraine"", ""Cr\u00e9er de meilleures conditions pour la mobilit\u00e9 militaire le long des grands axes routiers et ferroviaires de l\u2019UE""]",https://www.europarl.europa.eu/news/fr/press-room/20240419IPR20574/le-pe-actualise-les-lignes-directrices-du-reseau-transeuropeen-de-transport
Le Parlement adopte la directive sur le travail des plateformes,"[""2021/0414(COD)""]","[""De nouvelles r\u00e8gles pour rem\u00e9dier au faux travail ind\u00e9pendant"", ""Les employ\u00e9s ne peuvent pas \u00eatre licenci\u00e9s sur la base d\u2019une d\u00e9cision prise par un algorithme"", ""Interdiction pour les plateformes de traiter certains types de donn\u00e9es personnelles""]",https://www.europarl.europa.eu/news/fr/press-room/20240419IPR20584/le-parlement-adopte-la-directive-sur-le-travail-des-plateformes
Adoption de nouvelles règles pour lutter contre le blanchiment d’argent,"[""2021/0250(COD)"", ""2021/0239(COD)"", ""2021/0240(COD)""]","[""Les autorit\u00e9s, les journalistes et les organisations de la soci\u00e9t\u00e9 civile pourront avoir acc\u00e8s \u00e0 de nouveaux registres et sources d\u2019information"", ""Les paiements importants en esp\u00e8ces seront limit\u00e9s \u00e0 10 000 euros dans l\u2019UE"", ""Des r\u00e8gles de diligence raisonnable applicables aux clubs et aux agents de football \u00e0 partir de 2029"", ""Une nouvelle agence europ\u00e9enne charg\u00e9e de superviser directement les entit\u00e9s les plus risqu\u00e9es""]",https://www.europarl.europa.eu/news/fr/press-room/20240419IPR20586/adoption-de-nouvelles-regles-pour-lutter-contre-le-blanchiment-d-argent
Feu vert à la prolongation du soutien commercial à la Moldavie,"[""2024/0028(COD)"", ""2024/0029(COD)""]","[""Les d\u00e9put\u00e9s  renforcent la protection des agriculteurs europ\u00e9ens en cas d'afflux de produits ukrainiens"", ""Les n\u00e9gociations avec le Conseil. pour l'extension du soutien commercial \u00e0 l'Ukraine vont d\u00e9marrer"", ""- Droits de douane et contingents temporairement suspendus pour la Moldavie pour une ann\u00e9e suppl\u00e9mentaire""]",https://www.europarl.europa.eu/news/fr/press-room/20240311IPR19227/feu-vert-a-la-prolongation-du-soutien-commercial-a-la-moldavie
"Menaces sur  les valeurs, les institutions et les fonds de l’UE en Hongrie","[""2024/2512(RSP)""]","[""N\u00e9cessit\u00e9 de prot\u00e9ger les institutions, les valeurs et les fonds de l\u2019UE pendant la prochaine pr\u00e9sidence hongroise du Conseil"", ""L\u2019UE \""ne doit pas c\u00e9der au chantage et au commerce de ses int\u00e9r\u00eats strat\u00e9giques et de ceux de ses alli\u00e9s en renon\u00e7ant \u00e0 ses valeurs\u02ba"", ""Pas d'argent de l'UE tant que les d\u00e9ficiences persistent"", ""Les d\u00e9put\u00e9s envisagent une \u00e9ventuelle action en justice concernant la d\u00e9cision de la Commission de d\u00e9bloquer 10,2 milliards d\u2019euros""]",https://www.europarl.europa.eu/news/fr/press-room/20240112IPR16780/menaces-sur-les-valeurs-les-institutions-et-les-fonds-de-l-ue-en-hongrie
Le Parlement veut mettre fin à l’impunité des conducteurs imprudents ,"[""2023/0055(COD)""]","[""La d\u00e9ch\u00e9ance du droit de conduire dans un pays europ\u00e9en sera valable dans toute l'UE"", ""\u00c9largissement de la liste des infractions routi\u00e8res graves"", ""Un calendrier clair pour l\u2019ex\u00e9cution des d\u00e9cisions d\u2019interdiction de conduire""]",https://www.europarl.europa.eu/news/fr/press-room/20240202IPR17309/le-parlement-veut-mettre-fin-a-l-impunite-des-conducteurs-imprudents
Le Parlement approuve la révision de la politique agricole commune de l’UE,"[""2024/0073(COD)""]","[""Les nouvelles \""conditionnalit\u00e9s\"" environnementales peuvent justifier la demande d\u2019une aide europ\u00e9enne en 2024"", ""Plus de d\u00e9rogations possibles \u00e0 certaines r\u00e8gles de la PAC en cas de conditions m\u00e9t\u00e9orologiques extr\u00eames"", ""Les petites exploitations seront exempt\u00e9es de contr\u00f4les et de sanctions en cas de non-respect de certaines r\u00e8gles""]",https://www.europarl.europa.eu/news/fr/press-room/20240419IPR20582/le-parlement-approuve-la-revision-de-la-politique-agricole-commune-de-l-ue
Agir plus pour protéger les valeurs communes de l'UE en Hongrie et Pologne,"[""2022/2647(RSP)""]","[""Le Parlement appelle \u00e0 un \""v\u00e9ritable engagement\"" et \u00e0 des progr\u00e8s au Conseil"", ""Les recommandations aux \u00c9tats membres devraient \u00eatre adopt\u00e9es rapidement et des d\u00e9lais pr\u00e9cis devraient \u00eatre fix\u00e9s apr\u00e8s les auditions"", ""L'unanimit\u00e9 n'est pas requise pour identifier les risques de violation grave des valeurs de l'UE"", ""Les plans nationaux dans le cadre de la facilit\u00e9 pour la reprise et r\u00e9silience ne seront pas approuv\u00e9s tant que des progr\u00e8s n\u2019auront pas \u00e9t\u00e9 accomplis""]",https://www.europarl.europa.eu/news/fr/press-room/20220429IPR28226/agir-plus-pour-proteger-les-valeurs-communes-de-l-ue-en-hongrie-et-pologne
Renforcer la défense des voix critiques contre l’intimidation judiciaire,"[""2022/0117(COD)""]","[""Une protection europ\u00e9enne contre les litiges  transfrontaliers abusifs"", ""Le rejet \u00e0 un stade pr\u00e9coce des affaires infond\u00e9es et une protection financi\u00e8re des d\u00e9fendeurs"", ""Limiter la course \u00e0 la juridiction la plus favorable et am\u00e9liorer  l\u2019acc\u00e8s \u00e0 l\u2019information pour les victimes""]",https://www.europarl.europa.eu/news/fr/press-room/20240223IPR18074/renforcer-la-defense-des-voix-critiques-contre-l-intimidation-judiciaire
Protection des journalistes : mettre fin aux poursuites judiciaires abusives,"[""2022/0117(COD)""]","[""Les r\u00e8gles s\u2019appliqueront aux affaires qui touchent plus d\u2019un \u00c9tat membre de l\u2019UE"", ""Des indemnisations seront vers\u00e9es aux victimes pour les dommages psychologiques et les atteintes \u00e0 la r\u00e9putation"", ""Des recommandations permettront de lutter contre les affaires de poursuites-b\u00e2illons (dites SLAPP) \u00e0 \u00e9chelle nationale""]",https://www.europarl.europa.eu/news/fr/press-room/20230707IPR02420/protection-des-journalistes-mettre-fin-aux-poursuites-judiciaires-abusives
L'interdiction de facto de l'avortement en Pologne menace la vie des femmes,"[""2020/2876(RSP)""]","[""La restriction des droits \u00e0 l'avortement ne fait qu'accro\u00eetre le nombre d'avortements dangereux"", ""La d\u00e9cision n'aurait pas d\u00fb \u00eatre prise alors que des restrictions de sant\u00e9 publique \u00e9taient en vigueur et que les assembl\u00e9es publiques \u00e9taient interdites"", ""Les droits humains fondamentaux des femmes ne sont plus garantis"", ""L'UE doit r\u00e9agir \u00e0 \""l'effondrement syst\u00e9mique de l'\u00c9tat de droit\""""]",https://www.europarl.europa.eu/news/fr/press-room/20201120IPR92132/l-interdiction-de-facto-de-l-avortement-en-pologne-menace-la-vie-des-femmes
Les députés condamnent la criminalisation de l'éducation sexuelle en Pologne,"[""2019/2891(RSP)""]","[""Le Parlement europ\u00e9en demande au parlement polonais de rejeter le projet de loi"", ""L\u2019absence d'\u00e9ducation sexuelle ad\u00e9quate met les jeunes en danger"", ""Les d\u00e9put\u00e9s demandent plus de fonds pour la soci\u00e9t\u00e9 civile en mati\u00e8re d'\u00e9ducation sexuelle""]",https://www.europarl.europa.eu/news/fr/press-room/20191111IPR66217/les-deputes-condamnent-la-criminalisation-de-l-education-sexuelle-en-pologne
Nécessité d’une capacité de protection civile renforcée au vu du COVID-19,"[""2019/0070(COD)""]","[""L\u2019UE doit pouvoir poss\u00e9der des \u00e9quipements et aider directement les \u00c9tats membres lorsque leurs capacit\u00e9s nationales ont atteint leurs limites"", ""Un contr\u00f4le n\u00e9cessaire du Parlement sur les montants allou\u00e9s \u00e0 la pr\u00e9vention, \u00e0 la pr\u00e9paration et \u00e0 la r\u00e9ponse"", ""Les n\u00e9gociations doivent imm\u00e9diatement d\u00e9buter avec le Conseil pour que le nouveau syst\u00e8me devienne op\u00e9rationnel d\u00e8s 2021""]",https://www.europarl.europa.eu/news/fr/press-room/20200910IPR86817/necessite-d-une-capacite-de-protection-civile-renforcee-au-vu-du-covid-19
Protection civile: une réponse plus rapide de l’UE aux urgences à grande échelle,"[""2019/0070(COD)""]","[""Optimisation de la pr\u00e9vention, de la pr\u00e9paration et de la r\u00e9ponse aux catastrophes en Europe et au-del\u00e0"", ""Une r\u00e9silience et une solidarit\u00e9 renforc\u00e9es"", ""Les fonds de protection civile de l\u2019UE cinq fois plus importants que lors de la pr\u00e9c\u00e9dente p\u00e9riode budg\u00e9taire""]",https://www.europarl.europa.eu/news/fr/press-room/20210422IPR02615/protection-civile-une-reponse-plus-rapide-de-l-ue-aux-urgences-a-grande-echelle
Le Parlement approuve l’accord de libre-échange avec le Vietnam,"[""2018/0356(NLE)"", ""2018/0358(NLE)""]","[""L\u2019accord de libre-\u00e9change \u00e9liminera progressivement tous les tarifs douaniers"", ""Il inclut des r\u00e8gles contraignantes sur le climat, le droit du travail et les droits de l\u2019homme"", ""Un pas de plus vers le commerce interr\u00e9gional avec l\u2019Asie du Sud-Est""]",https://www.europarl.europa.eu/news/fr/press-room/20200206IPR72012/le-parlement-approuve-l-accord-de-libre-echange-avec-le-vietnam
Protection des produits agroalimentaires européens en Chine,"[""2020/0089(NLE)""]","[""Les produits de l\u2019UE disposant d\u2019une indication g\u00e9ographique, tels que la f\u00e9ta, la M\u00fcnchener Bier, la Polska W\u00f3dka et le Queso manchego, seront prot\u00e9g\u00e9s en Chine contre tout abus ou toute imitation"", ""L\u2019accent va maintenant \u00eatre mis sur les discussions en cours concernant un accord bilat\u00e9ral d\u2019investissement""]",https://www.europarl.europa.eu/news/fr/press-room/20201109IPR91128/protection-des-produits-agroalimentaires-europeens-en-chine
Des règles renforcées en matière de consommation et de recyclage,"[""2020/2077(INI)""]","[""Des objectifs contraignants d\u2019ici 2030 pour l\u2019utilisation des mati\u00e8res premi\u00e8res et l\u2019empreinte de consommation"", ""La directive sur l\u2019\u00e9coconception doit inclure les produits non li\u00e9s \u00e0 l\u2019\u00e9nergie"", ""Les objectifs du pacte vert ne pourront \u00eatre atteints que via un mod\u00e8le d\u2019\u00e9conomie circulaire""]",https://www.europarl.europa.eu/news/fr/press-room/20210204IPR97114/des-regles-renforcees-en-matiere-de-consommation-et-de-recyclage
Améliorer la qualité de l’eau du robinet et réduire les déchets plastiques,"[""2017/0332(COD)""]","[""Une baisse de la consommation d\u2019eau en bouteille pourrait faire \u00e9conomiser plus de 600 millions d\u2019euros par an aux m\u00e9nages de l\u2019UE"", ""\u201cRight2Water\u201d devient la premi\u00e8re initiative citoyenne europ\u00e9enne \u00e0 \u00eatre transpos\u00e9e en acte l\u00e9gislatif"", ""Un seuil plus strict pour certains polluants""]",https://www.europarl.europa.eu/news/fr/press-room/20201211IPR93619/ameliorer-la-qualite-de-l-eau-du-robinet-et-reduire-les-dechets-plastiques
Matières premières critiques: l'UE doit assurer son propre approvisionnement  ,"[""2021/2011(INI)""]","[""Les d\u00e9put\u00e9s soulignent la d\u00e9pendance de l'UE \u00e0 l'\u00e9gard des importations de ressources n\u00e9cessaires aux transitions num\u00e9rique et \u00e9cologique"", ""Ces mat\u00e9riaux sont n\u00e9cessaires pour l'\u00e9lectromobilit\u00e9, les \u00e9nergies renouvelables, les dispositifs \u00e9lectroniques et m\u00e9dicaux"", ""Investir dans le recyclage est \u00e9galement n\u00e9cessaire""]",https://www.europarl.europa.eu/news/fr/press-room/20211118IPR17620/matieres-premieres-critiques-l-ue-doit-assurer-son-propre-approvisionnement
Mettre un terme au commerce illégal de chats et de chiens,"[""2019/2814(RSP)""]","[""Cr\u00e9er un syst\u00e8me europ\u00e9en obligatoire d\u2019identification des chats et des chiens"", ""Garantir une meilleure application des r\u00e8gles et des sanctions plus strictes contre le commerce ill\u00e9gal"", ""Encourager les citoyens \u00e0 adopter des animaux de compagnie, plut\u00f4t qu\u2019en acheter""]",https://www.europarl.europa.eu/news/fr/press-room/20200206IPR72016/mettre-un-terme-au-commerce-illegal-de-chats-et-de-chiens
Un Fonds européen d'ajustement à la mondialisation plus réactif et accessible,"[""2018/0202(COD)""]","[""Plus de facilit\u00e9s pour les personnes ayant perdu leur emploi d\u2019acc\u00e9der au financement"", ""Abaissement du seuil d'\u00e9ligibilit\u00e9 \u00e0 une demande de financement \u00e0 200 travailleurs licenci\u00e9s"", ""Davantage de soutien pour les ind\u00e9pendants et les personnes s'occupant d'enfants""]",https://www.europarl.europa.eu/news/fr/press-room/20210422IPR02618/un-fonds-europeen-d-ajustement-a-la-mondialisation-plus-reactif-et-accessible
"47,5 milliards d’euros en plus afin de lutter contre les effets du COVID-19","[""2020/0101(COD)""]","[""Les fonds soutiendront des projets \u00e0 partir du 1er f\u00e9vrier 2020 et jusqu\u2019\u00e0 fin 2023"", ""Les ressources de REACT-EU seront mises \u00e0 disposition via les Fonds structurels de l\u2019UE"", ""Le Parlement met davantage l\u2019accent sur les personnes les plus touch\u00e9es par la crise""]",https://www.europarl.europa.eu/news/fr/press-room/20201211IPR93620/47-5-milliards-d-euros-en-plus-afin-de-lutter-contre-les-effets-du-covid-19
Pacte vert européen: investir dans des activités durables ,"[""2020/2058(INI)""]","[""Tous les \u00c9tats membres devraient \u00eatre plus comp\u00e9titifs d\u2019un point de vue \u00e9cologique et \u00e9conomique"", ""Le principe consistant \u00e0 \u2018\u2018ne pas causer de pr\u00e9judice important\u2019\u2019 devrait guider la mani\u00e8re dont les investissements sont r\u00e9alis\u00e9s"", ""Les investissements publics et priv\u00e9s doivent se compl\u00e9ter afin de combler le d\u00e9ficit d\u2019investissement vert""]",https://www.europarl.europa.eu/news/fr/press-room/20201109IPR91117/pacte-vert-europeen-investir-dans-des-activites-durables
"6,2 milliards pour combattre la crise et accélérer le déploiement de vaccins","[""2020/1997(BUD)""]","[""Le budget de l'UE pour 2020 devrait \u00eatre augment\u00e9 de 6,2 milliards d'euros"", ""1,1 milliard d'euros pour d\u00e9velopper et d\u00e9ployer un vaccin contre le COVID-19"", ""Les fonds de coh\u00e9sion seront renforc\u00e9s avec 5,1 milliards d'euros""]",https://www.europarl.europa.eu/news/fr/press-room/20200914IPR87007/6-2-milliards-pour-combattre-la-crise-et-accelerer-le-deploiement-de-vaccins
Union de la santé: les médicaments doivent être plus accessibles et abordables,"[""2021/2013(INI)""]","[""Pour une strat\u00e9gie pharmaceutique europ\u00e9enne ax\u00e9e sur le patient"", ""N\u00e9cessit\u00e9 de renforcer la r\u00e9silience en pr\u00e9venant les p\u00e9nuries de m\u00e9dicaments, en s\u00e9curisant les cha\u00eenes d\u2019approvisionnement et en fournissant des m\u00e9dicaments durables"", ""Soutien \u00e0 une industrie pharmaceutique transparente, comp\u00e9titive et innovante""]",https://www.europarl.europa.eu/news/fr/press-room/20211118IPR17619/union-de-la-sante-les-medicaments-doivent-etre-plus-accessibles-et-abordables
COVID-19: les députés prolongent les mesures d’aide dans les transports,"[""2020/0358(COD)"", ""2021/0012(COD)""]","[""Assouplissement des r\u00e8gles pour l\u2019utilisation des cr\u00e9neaux horaires de d\u00e9collage et d\u2019atterrissage"", ""Emp\u00eacher les vols fant\u00f4mes"", ""La validit\u00e9 de certains certificats, comme les licences et les v\u00e9rifications p\u00e9riodiques, sera \u00e9tendue""]",https://www.europarl.europa.eu/news/fr/press-room/20210204IPR97117/covid-19-les-deputes-prolongent-les-mesures-d-aide-dans-les-transports
Élargissement: plein soutien à un futur européen pour les Balkans occidentaux,"[""2019/2170(INI)"", ""2019/2172(INI)"", ""2019/2174(INI)"", ""2019/2175(INI)""]","[""Albanie: des \u00e9lections libres et \u00e9quitables essentielles pour l\u2019int\u00e9gration \u00e0 l\u2019UE"", ""La normalisation des relations entre le Kosovo et la Serbie sont un pr\u00e9requis \u00e0 leur adh\u00e9sion \u00e0 l\u2019UE"", ""Les n\u00e9gociations d\u2019adh\u00e9sion avec la Mac\u00e9doine du Nord devraient d\u00e9buter d\u00e8s que possible""]",https://www.europarl.europa.eu/news/fr/press-room/20210322IPR00528/elargissement-plein-soutien-a-un-futur-europeen-pour-les-balkans-occidentaux
Un financement additionnel plus flexible pour aider les plus démunis,"[""2020/0105(COD)""]","[""Augmentation du nombre de personnes expos\u00e9es au risque de pauvret\u00e9"", ""Des fonds suppl\u00e9mentaires pour l\u2019alimentation et les besoins essentiels disponibles en 2021 et 2022"", ""Le co-financement par les \u00c9tats membres n\u2019est pas n\u00e9cessaire""]",https://www.europarl.europa.eu/news/fr/press-room/20210115IPR95717/un-financement-additionnel-plus-flexible-pour-aider-les-plus-demunis
Transparence fiscale des entreprises: approbation des déclarations pays par pays,"[""2016/0107(COD)""]","[""Les multinationales devront rendre public le montant des imp\u00f4ts qu\u2019elles paient dans chaque \u00c9tat membre"", ""Une certaine flexibilit\u00e9, mais des r\u00e8gles d\u00e9taill\u00e9es pour \u00e9viter que les multinationales ne les contournent""]",https://www.europarl.europa.eu/news/fr/press-room/20211108IPR16839/transparence-fiscale-des-entreprises-approbation-des-declarations-pays-par-pays
La liste noire européenne des paradis fiscaux ne cible pas les pires fraudeurs,"[""2020/2863(RSP)""]","[""Le crit\u00e8re permettant de juger si le syst\u00e8me fiscal d\u2019un pays est juste ou non doit \u00eatre \u00e9largi"", ""Le retrait de la liste noire ne doit pas \u00eatre le r\u00e9sultat de simples modifications symboliques"", ""Une politique fiscale \u00e0 0% devrait automatiquement mener \u00e0 l\u2019inscription sur la liste noire"", ""La liste doit \u00eatre formalis\u00e9e par un instrument juridiquement contraignant d'ici la fin de l'ann\u00e9e 2021""]",https://www.europarl.europa.eu/news/fr/press-room/20210114IPR95631/la-liste-noire-europeenne-des-paradis-fiscaux-ne-cible-pas-les-pires-fraudeurs
IA: lignes directrices pour les usages militaires et non militaires,"[""2020/2013(INI)""]","[""L'intelligence artificielle (IA) ne peut pas remplacer l'homme dans la prise de d\u00e9cision ni le contact humain"", ""N\u00e9cessit\u00e9 d'une strat\u00e9gie de l'UE contre les syst\u00e8mes d\u2019armes l\u00e9tales autonomes"", ""Appel \u00e0 l'interdiction d\u2019\""applications de notation sociale hautement intrusives\"" par les autorit\u00e9s publiques; inqui\u00e9tudes concernant les \u2018\u2018deepfakes\u2019\u2019""]",https://www.europarl.europa.eu/news/fr/press-room/20210114IPR95627/ia-lignes-directrices-pour-les-usages-militaires-et-non-militaires
"Le PE approuve le renforcement des pouvoirs d'Europol, mais pas sans contrôle","[""2020/0349(COD)""]","[""Europol pourra mener des projets de recherche et recevoir des donn\u00e9es d\u2019entreprises priv\u00e9es"", ""L\u2019agence de police europ\u00e9enne cr\u00e9era un nouveau poste d\u2019officier aux droits fondamentaux"", ""Le Contr\u00f4leur europ\u00e9en de la protection des donn\u00e9es surveillera le traitement de donn\u00e9es d\u2019Europol""]",https://www.europarl.europa.eu/news/fr/press-room/20220429IPR28234/le-pe-approuve-le-renforcement-des-pouvoirs-d-europol-mais-pas-sans-controle
Un nouvel outil pour assurer une compétition équitable sur le marché unique,"[""2021/0114(COD)""]","[""Assurer une comp\u00e9tition \u00e9quitable entre les entreprises actives dans l\u2019UE en garantissant l\u2019\u00e9galit\u00e9 des chances"", ""Si les subventions \u00e9trang\u00e8res sont g\u00e9n\u00e9ratrices de distorsions, des mesures de r\u00e9\u00e9quilibrage peuvent \u00eatre appliqu\u00e9es"", ""L\u2019objectif est d\u2019am\u00e9liorer les solutions multilat\u00e9rales face aux financements g\u00e9n\u00e9rateurs de distorsions""]",https://www.europarl.europa.eu/news/fr/press-room/20221107IPR49609/un-nouvel-outil-pour-assurer-une-competition-equitable-sur-le-marche-unique
Plus aucune Polonaise ne devrait mourir en raison de la loi sur l'avortement,"[""2021/2925(RSP)""]","[""Les d\u00e9put\u00e9s condamnent \u00e0 nouveau la d\u00e9cision du Tribunal constitutionnel ill\u00e9gitime polonais qui impose une interdiction quasi-totale de l'avortement"", ""Au cours des dix derniers mois, seules 300 Polonaises ont eu acc\u00e8s aux services d'avortement dans les h\u00f4pitaux au motif que leur vie ou leur sant\u00e9 \u00e9tait menac\u00e9e"", ""Les femmes polonaises devraient \u00eatre soutenues pour avoir acc\u00e8s aux services d'avortement dans les autres \u00c9tats membres"", ""La d\u00e9cision sur l'avortement est un nouvel exemple de la mainmise politique sur le pouvoir judiciaire et de l'effondrement syst\u00e9mique de l'\u00c9tat de droit en Pologne""]",https://www.europarl.europa.eu/news/fr/press-room/20211108IPR16844/plus-aucune-polonaise-ne-devrait-mourir-en-raison-de-la-loi-sur-l-avortement
Feu vert à la suspension des droits de douane sur les exportations ukrainiennes,"[""2022/0138(COD)""]","[""Des mesures qui concernent les produits industriels, les fruits et l\u00e9gumes ainsi que l'acier"", ""Cette suspension est valable un an"", ""L'UE est le principal partenaire commercial de l'Ukraine""]",https://www.europarl.europa.eu/news/fr/press-room/20220517IPR29933/feu-vert-a-la-suspension-des-droits-de-douane-sur-les-exportations-ukrainiennes
Ukraine: protéger les femmes des violences et de l'exploitation sexuelles,"[""2022/2633(RSP)""]","[""Les eurod\u00e9put\u00e9s condamnent fermement l'utilisation des violences sexuelles et sexistes comme arme de guerre"", ""L'acc\u00e8s \u00e0 la sant\u00e9 et aux droits fondamentaux en mati\u00e8re de sexualit\u00e9 et de procr\u00e9ation devrait \u00eatre accord\u00e9 dans tous les \u00c9tats membres d'accueil et de transit"", ""90% des r\u00e9fugi\u00e9s fuyant la guerre en Ukraine sont des femmes et des enfants""]",https://www.europarl.europa.eu/news/fr/press-room/20220429IPR28229/ukraine-proteger-les-femmes-des-violences-et-de-l-exploitation-sexuelles
Le certificat COVID-19 doit faciliter la libre circulation sans discrimination,"[""2021/0068(COD)"", ""2021/0071(COD)""]","[""Des tests universels, accessibles, rapides et gratuits sont n\u00e9cessaires dans toute l\u2019UE"", ""Les certificats COVID-19 ne sont pas des documents de voyage"", ""Les \u00c9tats membres ne devraient pas imposer de quarantaine ou de test aux d\u00e9tenteurs du certificat""]",https://www.europarl.europa.eu/news/fr/press-room/20210422IPR02606/le-certificat-covid-19-doit-faciliter-la-libre-circulation-sans-discrimination
Le Parlement donne son feu vert définitif au certificat Covid numérique de l’UE,"[""2021/0068(COD)"", ""2021/0071(COD)""]","[""Tous les \u00c9tats membres de l\u2019UE accepteront les certificats prouvant la vaccination, le r\u00e9sultat d\u2019un test n\u00e9gatif ou la gu\u00e9rison de l\u2019infection par le COVID-19"", ""Le certificat devrait faciliter la libre circulation et contribuer \u00e0 la lev\u00e9e progressive et coordonn\u00e9e des restrictions"", ""Il devrait entrer en application le 1erjuillet 2021 pour une dur\u00e9e de 12 mois"", ""Des tests abordables et accessibles sont encourag\u00e9s: 100 millions d\u2019euros provenant des fonds europ\u00e9ens seront d\u00e9di\u00e9s \u00e0 l\u2019achat de tests""]",https://www.europarl.europa.eu/news/fr/press-room/20210604IPR05512/le-parlement-donne-son-feu-vert-definitif-au-certificat-covid-numerique-de-l-ue
Le PE approuve formellement l’accord commercial et de coopération UE-Royaume-Uni,"[""2020/0382(NLE)""]","[""Les groupes politiques se f\u00e9licitent vivement de l\u2019accord"", ""Le Parlement a son mot \u00e0 dire sur la mise en \u0153uvre de l\u2019accord"", ""L\u2019accord entrera en vigueur le 1er mai apr\u00e8s sa conclusion par le Conseil""]",https://www.europarl.europa.eu/news/fr/press-room/20210423IPR02772/le-pe-approuve-formellement-l-accord-commercial-et-de-cooperation-ue-royaume-uni
Le Parlement se prononce pour la levée temporaire des brevets sur les vaccins,"[""2021/2692(RSP)""]","[""La lev\u00e9e des brevets permettrait de renforcer l\u2019acc\u00e8s mondial \u00e0 des vaccins abordables"", ""Les licences volontaires, les transferts de savoir-faire et de technologies sont essentiels pour acc\u00e9l\u00e9rer la production mondiale sur le long terme"", ""Les d\u00e9put\u00e9s appellent les \u00c9tats-Unis et le Royaume-Uni \u00e0 mettre un terme \u00e0 l\u2019interdiction des exportations de vaccins et de mati\u00e8res premi\u00e8res"", ""Davantage de soutien au m\u00e9canisme mondial de distribution de vaccins COVAX""]",https://www.europarl.europa.eu/news/fr/press-room/20210604IPR05514/le-parlement-se-prononce-pour-la-levee-temporaire-des-brevets-sur-les-vaccins
Loi climatique: les députés veulent réduire les émissions de 60% d’ici 2030,"[""2020/0036(COD)""]","[""Inclusion d'un budget pour les gaz \u00e0 effet de serre afin que l\u2019UE atteigne l\u2019objectif de Paris"", ""Cr\u00e9ation d'un organe scientifique ind\u00e9pendant pour \u00e9valuer les progr\u00e8s"", ""Suppression progressive de toutes les subventions directes et indirectes aux combustibles fossiles d\u2019ici 2025 au plus tard""]",https://www.europarl.europa.eu/news/fr/press-room/20201002IPR88431/loi-climatique-les-deputes-veulent-reduire-les-emissions-de-60-d-ici-2030
Les députés adoptent le programme de recherche phare Horizon Europe,"[""2018/0224(COD)"", ""2018/0225(CNS)""]","[""Une enveloppe budg\u00e9taire de 95,5 milliards d\u2019euros, dont 5,4 milliards proviennent de l\u2019instrument Next Generation EU"", ""Une attention particuli\u00e8re accord\u00e9e \u00e0 la sant\u00e9, \u00e0 la num\u00e9risation et au soutien aux PME innovantes"", ""Un programme appliqu\u00e9 de mani\u00e8re provisoire depuis le 1er janvier 2021""]",https://www.europarl.europa.eu/news/fr/press-room/20210422IPR02604/les-deputes-adoptent-le-programme-de-recherche-phare-horizon-europe
La réforme de la politique agricole commune approuvée par les députés,"[""2018/0216(COD)"", ""2018/0217(COD)"", ""2018/0218(COD)""]","[""La nouvelle politique renforce la biodiversit\u00e9 et respecte les l\u00e9gislations et les engagements de l\u2019UE en mati\u00e8re d\u2019environnement et de climat"", ""10% des paiements directs iront aux petites et moyennes exploitations"", ""Une r\u00e9serve permanente de crise \u00e0 utiliser en cas d\u2019instabilit\u00e9 des prix ou des march\u00e9s"", ""Des sanctions pour ceux qui enfreignent les r\u00e8gles en mati\u00e8re de droit du travail""]",https://www.europarl.europa.eu/news/fr/press-room/20211118IPR17613/la-reforme-de-la-politique-agricole-commune-approuvee-par-les-deputes
L’UE de la santé: améliorer la prévention des maladies et la coopération,"[""2020/0320(COD)"", ""2020/0322(COD)""]","[""Int\u00e9gration des propositions dans le nouveau cadre de l\u2019UE en mati\u00e8re de s\u00e9curit\u00e9 sanitaire \u00e0 l\u2019\u00e9preuve du temps"", ""Appel \u00e0 une coop\u00e9ration renforc\u00e9e entre les organes de l\u2019UE et leurs homologues nationaux et internationaux et entre r\u00e9gions frontali\u00e8res"", ""N\u00e9cessit\u00e9 d\u2019une transparence accrue lorsque l\u2019UE passe des march\u00e9s publics ou conclut des contrats d\u2019achat""]",https://www.europarl.europa.eu/news/fr/press-room/20210910IPR11907/l-ue-de-la-sante-ameliorer-la-prevention-des-maladies-et-la-cooperation
Le Parlement approuve un prêt de cinq milliards d’euros à l’Ukraine,"[""2022/0281(COD)""]","[""Le Parlement approuve un pr\u00eat de cinq milliards d\u2019euros \u00e0 l\u2019Ukraine"", ""Un soulagement significatif pour les finances de l\u2019Ukraine dans le contexte de l\u2019agression russe"", ""Le principe de conditionnalit\u00e9 s\u2019applique""]",https://www.europarl.europa.eu/news/fr/press-room/20220909IPR40142/le-parlement-approuve-un-pret-de-cinq-milliards-d-euros-a-l-ukraine
Loi climat: accord sur la neutralité climatique d’ici 2050 confirmé,"[""2020/0036(COD)""]","[""Les puits de carbone de l\u2019Union porteront de facto l'objectif de r\u00e9duction des \u00e9missions pour 2030 \u00e0 57%"", ""Le budget des \u00e9missions de gaz \u00e0 effet de serre doit guider l\u2019objectif 2040"", ""Un nouvel organe scientifique europ\u00e9en ind\u00e9pendant sera cr\u00e9\u00e9 pour \u00e9valuer les progr\u00e8s""]",https://www.europarl.europa.eu/news/fr/press-room/20210621IPR06627/loi-climat-accord-sur-la-neutralite-climatique-d-ici-2050-confirme
Future stratégie forestière: gestion de haute qualité des forêts européennes,"[""2019/2157(INI)""]","[""Soutenir une gestion durable des for\u00eats et des propri\u00e9taires responsables"", ""Renforcer la r\u00e9silience face aux catastrophes et les m\u00e9canismes d\u2019alerte pr\u00e9coce pour pr\u00e9venir les feux de for\u00eats"", ""Lutter contre les importations de bois coup\u00e9 ill\u00e9galement""]",https://www.europarl.europa.eu/news/fr/press-room/20201002IPR88442/future-strategie-forestiere-gestion-de-haute-qualite-des-forets-europeennes
Les consommateurs de l’UE pourront bientôt défendre collectivement leurs droits,"[""2018/0089(COD)""]","[""Mieux prot\u00e9ger les consommateurs contre les \u201cpr\u00e9judices de masse\u201d nationaux et transfrontaliers"", ""Des mesures de protection contre les poursuites abusives en appliquant le principe du \u201cperdant payeur\u201d"", ""Des organisations de consommateurs d\u00e9sign\u00e9es pour lancer des actions au nom des consommateurs""]",https://www.europarl.europa.eu/news/fr/press-room/20201120IPR92116/les-consommateurs-de-l-ue-pourront-bientot-defendre-collectivement-leurs-droits
Zéro émission de CO2 pour les véhicules et les camionnettes neuves en 2035,"[""2021/0242(COD)""]","[""Les transports routiers devront contribuer davantage aux objectifs de neutralit\u00e9 climatique de l\u2019UE"", ""Une nouvelle m\u00e9thode mise en place pour \u00e9valuer les \u00e9missions de CO2 tout au long du cycle de vie d\u2019un v\u00e9hicule"", ""Les valeurs limites d\u2019\u00e9mission seront align\u00e9es sur les \u00e9missions r\u00e9elles""]",https://www.europarl.europa.eu/news/fr/press-room/20230210IPR74715/zero-emission-de-co2-pour-les-vehicules-et-les-camionnettes-neuves-en-2035
"Nouvelles règles européennes pour réduire, réutiliser et recycler les emballages","[""2022/0396(COD)""]","[""Des mesures portant sur l\u2019ensemble du cycle de vie des emballages"", ""Moins d\u2019emballages, moins de d\u00e9chets et des restrictions sur certains formats d\u2019emballages"", ""Certains types d\u2019emballages en plastique \u00e0 usage unique seront interdits \u00e0 partir du 1er janvier 2030"", ""Chaque Europ\u00e9en g\u00e9n\u00e8re pr\u00e8s de 190 kg de d\u00e9chets d\u2019emballages par an""]",https://www.europarl.europa.eu/news/fr/press-room/20240419IPR20589/nouvelles-regles-europeennes-pour-reduire-reutiliser-et-recycler-les-emballages
Le PE vote les premières règles de lutte contre la violence envers les femmes,"[""2022/0066(COD)""]","[""Des actions pour pr\u00e9venir les viols et \u00e0 sensibiliser au consentement"", ""Le mariage forc\u00e9 et les mutilations g\u00e9nitales f\u00e9minines consid\u00e9r\u00e9s comme des crimes"", ""Interdiction de la divulgation d\u2019informations priv\u00e9es en ligne sans consentement et du \""cyberflashing\"""", ""Une assistance sp\u00e9cialis\u00e9e aux victimes""]",https://www.europarl.europa.eu/news/fr/press-room/20240419IPR20588/le-pe-vote-les-premieres-regles-de-lutte-contre-la-violence-envers-les-femmes
Les produits issus du travail forcé seront interdits sur le marché européen,"[""2022/0269(COD)""]","[""Tout recours pr\u00e9sum\u00e9 au travail forc\u00e9 devra faire l\u2019objet d\u2019une enqu\u00eate et s\u2019il est av\u00e9r\u00e9, les produits devront \u00eatre retir\u00e9s du march\u00e9"", ""Une attention particuli\u00e8re sera accord\u00e9e aux produits provenant de zones o\u00f9 il y a un risque \u00e9lev\u00e9 de travail forc\u00e9 impos\u00e9 par l\u2019\u00c9tat"", ""Les produits pourront \u00eatre r\u00e9introduits sur le march\u00e9 si le travail forc\u00e9 est \u00e9limin\u00e9 de la cha\u00eene d\u2019approvisionnement""]",https://www.europarl.europa.eu/news/fr/press-room/20240419IPR20551/les-produits-issus-du-travail-force-seront-interdits-sur-le-marche-europeen
Un espace européen des données de santé pour des traitements plus efficaces,"[""2022/0140(COD)""]","[""Les citoyens auront acc\u00e8s, dans toute l\u2019UE, \u00e0 un dossier de sant\u00e9 \u00e9lectronique contenant leurs prescriptions, l\u2019imagerie et les tests de laboratoire"", ""Des donn\u00e9es de sant\u00e9 anonymis\u00e9es seront partag\u00e9es \u00e0 des fins de recherche, par exemple sur les maladies rares"", ""Des garanties solides en mati\u00e8re de respect de la vie priv\u00e9e sur les moyens et l\u2019objectif du partage de donn\u00e9es sensibles""]",https://www.europarl.europa.eu/news/fr/press-room/20240419IPR20573/un-espace-europeen-des-donnees-de-sante-pour-des-traitements-plus-efficaces
"État de droit en Hongrie: le Parlement condamne la ""loi sur la souveraineté""","[""2024/2683(RSP)""]","[""Les d\u00e9put\u00e9s demandent des mesures provisoires pour suspendre la loi et prot\u00e9ger le principe d'\u00e9lections libres et \u00e9quitables"", ""Appel \u00e0 la Commission de r\u00e9voquer sa d\u00e9cision incompr\u00e9hensible de d\u00e9geler les fonds de l'UE"", ""Le gouvernement hongrois \""ne sera pas en mesure de remplir de mani\u00e8re cr\u00e9dible\"" son r\u00f4le \u00e0 la t\u00eate du Conseil""]",https://www.europarl.europa.eu/news/fr/press-room/20240419IPR20579/etat-de-droit-en-hongrie-le-parlement-condamne-la-loi-sur-la-souverainete
La Hongrie ne peut plus être considérée comme une démocratie à part entière,"[""2018/0902R(NLE)""]","[""La situation s\u2019est d\u00e9grad\u00e9e \u00e0 tel point que la Hongrie est devenue une \u201cautocratie \u00e9lectorale\u201d"", ""L\u2019inaction de l\u2019UE a aggrav\u00e9 les choses; les fonds de relance devraient \u00eatre suspendus jusqu\u2019\u00e0 ce que le pays s\u2019aligne sur les recommandations de l\u2019UE et les d\u00e9cisions de justice"", ""Tout retard dans la proc\u00e9dure li\u00e9e \u00e0 l\u2019article 7 \u00e9quivaudrait \u00e0 une violation de l\u2019\u00c9tat de droit par le Conseil""]",https://www.europarl.europa.eu/news/fr/press-room/20220909IPR40137/la-hongrie-ne-peut-plus-etre-consideree-comme-une-democratie-a-part-entiere
MeToo : Les députés demandent plus d'efforts contre le harcèlement sexuel ,"[""2022/2138(INI)""]","[""Les violences sexistes devraient \u00eatre consid\u00e9r\u00e9es comme des crimes au regard de la l\u00e9gislation de l'UE et le harc\u00e8lement sexuel devrait \u00eatre trait\u00e9 comme une infraction p\u00e9nale"", ""Les employeurs doivent fournir un environnement de travail s\u00e9curis\u00e9"", ""Les cas de harc\u00e8lement au Parlement devront \u00eatre trait\u00e9s plus rapidement et de mani\u00e8re plus transparente""]",https://www.europarl.europa.eu/news/fr/press-room/20230524IPR91911/metoo-les-deputes-demandent-plus-d-efforts-contre-le-harcelement-sexuel
Le Parlement approuve un soutien budgétaire clé pour l’Ukraine et l’UE,"[""2023/0201(APP)"", ""2023/0201M(APP)"", ""2023/0200(COD)"", ""2023/0199(COD)""]","[""Un soutien \u00e0 long terme \u00e0 l\u2019Ukraine, un meilleur financement des priorit\u00e9s telles que la migration, les politiques ext\u00e9rieures et la pr\u00e9paration aux crises"", ""Des modifications apport\u00e9es au budget europ\u00e9en pour r\u00e9pondre aux d\u00e9fis actuels et \u00e0 venir"", ""Une plateforme \""Technologies strat\u00e9giques pour l\u2019Europe\"" (STEP) pour rendre l\u2019UE plus comp\u00e9titive et plus r\u00e9siliente dans les secteurs strat\u00e9giques"", ""Un renforcement du contr\u00f4le d\u00e9mocratique de la facilit\u00e9 pour l\u2019Ukraine et une ouverture vers l\u2019utilisation des avoirs russes gel\u00e9s""]",https://www.europarl.europa.eu/news/fr/press-room/20240223IPR18077/le-parlement-approuve-un-soutien-budgetaire-cle-pour-l-ukraine-et-l-ue
"Organisme d’éthique : la proposition de la Commission est ""insatisfaisante""","[""2023/2741(RSP)""]","[""Les plans envisag\u00e9s sont \u00e9loign\u00e9s de la vision initiale  ambitieuse du Parlement"", ""L\u2019organisme d\u2019\u00e9thique devrait \u00eatre en mesure d\u2019enqu\u00eater sur les violations pr\u00e9sum\u00e9es des r\u00e8gles \u00e9thiques"", ""Appel au Parlement pour aller plus loin dans la r\u00e9vision en cours de ses propres r\u00e8gles"", ""Les all\u00e9gations de corruption et d'ing\u00e9rence \u00e9trang\u00e8re montrent que les ONG doivent \u00eatre plus transparentes""]",https://www.europarl.europa.eu/news/fr/press-room/20230707IPR02430/organisme-d-ethique-la-proposition-de-la-commission-est-insatisfaisante
Nouvelles règles électorales : menaces de la Pologne contre les valeurs de l'UE,"[""2023/2747(RSP)""]","[""La r\u00e9forme \u00e9lectorale n'est pas conforme aux normes d\u00e9mocratiques internationales"", ""La nouvelle \""Commission d'\u00c9tat sur l'ing\u00e9rence russe\"" devrait \u00eatre supprim\u00e9e ou suspendue et modifi\u00e9e."", ""D\u2019autres inqui\u00e9tudes concernant l'ind\u00e9pendance de la justice""]",https://www.europarl.europa.eu/news/fr/press-room/20230707IPR02416/nouvelles-regles-electorales-menaces-de-la-pologne-contre-les-valeurs-de-l-ue
Promouvoir des produits plus durables et lutter contre l’écoblanchiment,"[""2022/0092(COD)""]","[""Les mentions environnementales g\u00e9n\u00e9riques et non \u00e9tay\u00e9es seront interdites"", ""Limiter la durabilit\u00e9 des produits d\u00e8s leur conception ne sera plus possible"", ""Un produit doit continuer \u00e0 fonctionner correctement avec des pi\u00e8ces de rechange et des consommables provenant d'un autre fabricant""]",https://www.europarl.europa.eu/news/fr/press-room/20230505IPR85011/promouvoir-des-produits-plus-durables-et-lutter-contre-l-ecoblanchiment
"Le Parlement renforce les règles  d'intégrité, transparence et responsabilité","[""2023/2095(REG)""]","[""Tous les d\u00e9put\u00e9s rendront publiques les r\u00e9unions avec des repr\u00e9sentants de groupes d\u2019int\u00e9r\u00eats et de pays tiers"", ""Des d\u00e9clarations de patrimoine au d\u00e9but et \u00e0 la fin du mandat"", ""Des r\u00e8gles plus strictes en mati\u00e8re de conflits d\u2019int\u00e9r\u00eats, de second revenu, de cadeaux"", ""Les activit\u00e9s des groupes non officiels r\u00e9glement\u00e9es et restreintes""]",https://www.europarl.europa.eu/news/fr/press-room/20230911IPR04919/le-parlement-renforce-les-regles-d-integrite-transparence-et-responsabilite
Allégations de corruption: des réformes ambitieuses et rapides sont nécessaires,"[""2023/2571(RSP)"", ""2023/2555(RSP)""]","[""Les r\u00e9formes d\u00e9j\u00e0 approuv\u00e9es par les dirigeants du Parlement constituent \""une premi\u00e8re \u00e9tape n\u00e9cessaire\"""", ""Des sanctions dissuasives en cas d\u2019infraction au code de conduite des d\u00e9put\u00e9s, y compris financi\u00e8res"", ""Les voyages financ\u00e9s par des pays tiers devront faire l\u2019objet d\u2019un accord pr\u00e9alable"", ""Les n\u00e9gociations sur l\u2019organisme ind\u00e9pendant d\u2019\u00e9thique devront s\u2019achever avant la prochaine coupure estivale""]",https://www.europarl.europa.eu/news/fr/press-room/20230214IPR75103/allegations-de-corruption-des-reformes-ambitieuses-et-rapides-sont-necessaires
Des règles européennes nécessaires contre les poursuites abusives,"[""2021/2036(INI)""]","[""Les poursuites-b\u00e2illons (SLAPP) sapent les valeurs et le syst\u00e8me judiciaire de l'UE"", ""Propositions de renvoi anticip\u00e9 des SLAPP, de sanctions pour les demandeurs, ainsi que de soutien aux victimes"", ""Craintes quant au financement des SLAPP par les budgets publics""]",https://www.europarl.europa.eu/news/fr/press-room/20211108IPR16838/des-regles-europeennes-necessaires-contre-les-poursuites-abusives
